student_id,name,email,age,gender,department,status,age_group,ingestion_timestamp
STU00001,Student 1,student1@campus.edu,20,Male,Business,active,18-22,2026-09-18 11:36:26.834319
STU00002,Student 2,student2@campus.edu,22,Male,Business,inactive,18-22,2026-09-18 11:36:26.834319
STU00003,Student 3,student3@campus.edu,16,Other,Engineering,active,<18,2026-09-18 11:36:26.834319
STU00004,Student 4,student4@campus.edu,62,unknown,Computer Science,active,25+,2026-09-18 11:36:26.834319
STU00005,Student 5,student5@campus.edu,32,unknown,Engineering,active,25+,2026-09-18 11:36:26.834319
STU00006,Student 6,student6@campus.edu,30,Female,Science,inactive,25+,2026-09-18 11:36:26.834319
STU00007,Student 7,student7@campus.edu,29,Female,Computer Science,active,25+,2026-09-18 11:36:26.834319
STU00008,Student 8,student8@campus.edu,23,unknown,Computer Science,active,22-25,2026-09-18 11:36:26.834319
STU00009,Student 9,student9@campus.edu,62,Other,Medicine,active,25+,2026-09-18 11:36:26.834319
STU00010,Student 10,Unknown,21,Male,Arts,inactive,18-22,2026-09-18 11:36:26.834319
STU00011,Student 11,student11@campus.edu,58,Female,Computer Science,active,25+,2026-09-18 11:36:26.834319
STU00012,Student 12,student12@campus.edu,62,Male,Science,active,25+,2026-09-18 11:36:26.834319
STU00013,Student 13,student13@campus.edu,49,Other,Engineering,graduated,25+,2026-09-18 11:36:26.834319
STU00014,Student 14,student14@campus.edu,20,Male,Engineering,inactive,18-22,2026-09-18 11:36:26.834319
STU00015,Student 15,student15@campus.edu,52,Other,Medicine,active,25+,2026-09-18 11:36:26.834319
STU00016,Student 16,student16@campus.edu,49,Male,Arts,active,25+,2026-09-18 11:36:26.834319
STU00017,Student 17,student17@campus.edu,17,Female,Science,active,<18,2026-09-18 11:36:26.834319
STU00018,Student 18,student18@campus.edu,16,Female,Engineering,active,<18,2026-09-18 11:36:26.834319
STU00019,Student 19,student19@campus.edu,20,unknown,Business,active,18-22,2026-09-18 11:36:26.834319
STU00020,Student 20,Unknown,28,Other,Science,active,25+,2026-09-18 11:36:26.834319
STU00021,Student 21,student21@campus.edu,29,Female,Science,active,25+,2026-09-18 11:36:26.834319
STU00022,Student 22,student22@campus.edu,47,unknown,Arts,inactive,25+,2026-09-18 11:36:26.834319
STU00023,Student 23,student23@campus.edu,53,Male,Engineering,inactive,25+,2026-09-18 11:36:26.834319
STU00024,Student 24,student24@campus.edu,16,Male,Science,inactive,<18,2026-09-18 11:36:26.834319
STU00025,Student 25,student25@campus.edu,50,unknown,Medicine,active,25+,2026-09-18 11:36:26.834319
STU00026,Student 26,Unknown,27,Male,Medicine,active,25+,2026-09-18 11:36:26.834319
STU00027,Student 27,Unknown,60,Female,Engineering,inactive,25+,2026-09-18 11:36:26.834319
STU00028,Student 28,Unknown,56,Other,Medicine,active,25+,2026-09-18 11:36:26.834319
STU00029,Student 29,Unknown,59,Female,Business,active,25+,2026-09-18 11:36:26.834319
STU00030,Student 30,Unknown,49,Female,Arts,inactive,25+,2026-09-18 11:36:26.834319
STU00031,Student 31,Unknown,48,unknown,Medicine,active,25+,2026-09-18 11:36:26.834319
STU00032,Student 32,student32@campus.edu,29,Female,Medicine,inactive,25+,2026-09-18 11:36:26.834319
STU00033,Student 33,student33@campus.edu,43,Female,Business,active,25+,2026-09-18 11:36:26.834319
STU00034,Student 34,student34@campus.edu,52,Other,Arts,active,25+,2026-09-18 11:36:26.834319
STU00035,Student 35,student35@campus.edu,32,unknown,Science,active,25+,2026-09-18 11:36:26.834319
STU00036,Student 36,student36@campus.edu,15,unknown,Arts,inactive,<18,2026-09-18 11:36:26.834319
STU00037,Student 37,student37@campus.edu,63,unknown,Computer Science,active,25+,2026-09-18 11:36:26.834319
STU00038,Student 38,student38@campus.edu,25,unknown,Engineering,inactive,22-25,2026-09-18 11:36:26.834319
STU00039,Student 39,student39@campus.edu,59,unknown,Engineering,graduated,25+,2026-09-18 11:36:26.834319
STU00040,Student 40,Unknown,42,unknown,Computer Science,graduated,25+,2026-09-18 11:36:26.834319
STU00041,Student 41,student41@campus.edu,36,unknown,Business,active,25+,2026-09-18 11:36:26.834319
STU00042,Student 42,student42@campus.edu,32,Female,Computer Science,inactive,25+,2026-09-18 11:36:26.834319
STU00043,Student 43,student43@campus.edu,24,Female,Science,graduated,22-25,2026-09-18 11:36:26.834319
STU00044,Student 44,student44@campus.edu,28,Male,Science,graduated,25+,2026-09-18 11:36:26.834319
STU00045,Student 45,student45@campus.edu,63,Male,Engineering,inactive,25+,2026-09-18 11:36:26.834319
STU00046,Student 46,student46@campus.edu,38,Male,Science,active,25+,2026-09-18 11:36:26.834319
STU00047,Student 47,student47@campus.edu,21,Male,Engineering,active,18-22,2026-09-18 11:36:26.834319
STU00048,Student 48,student48@campus.edu,20,Female,Computer Science,active,18-22,2026-09-18 11:36:26.834319
STU00049,Student 49,student49@campus.edu,39,unknown,Computer Science,active,25+,2026-09-18 11:36:26.834319
STU00050,Student 50,Unknown,21,Female,Medicine,active,18-22,2026-09-18 11:36:26.834319
STU00051,Student 51,student51@campus.edu,37,unknown,Medicine,inactive,25+,2026-09-18 11:36:26.834319
STU00052,Student 52,student52@campus.edu,37,Male,Computer Science,graduated,25+,2026-09-18 11:36:26.834319
STU00053,Student 53,student53@campus.edu,53,Female,Engineering,inactive,25+,2026-09-18 11:36:26.834319
STU00054,Student 54,student54@campus.edu,31,Male,Computer Science,active,25+,2026-09-18 11:36:26.834319
STU00055,Student 55,student55@campus.edu,17,Male,Computer Science,graduated,<18,2026-09-18 11:36:26.834319
STU00056,Student 56,student56@campus.edu,61,Male,Business,active,25+,2026-09-18 11:36:26.834319
STU00057,Student 57,student57@campus.edu,44,Female,Computer Science,active,25+,2026-09-18 11:36:26.834319
STU00058,Student 58,student58@campus.edu,49,Male,Science,active,25+,2026-09-18 11:36:26.834319
STU00059,Student 59,student59@campus.edu,22,Female,Engineering,inactive,18-22,2026-09-18 11:36:26.834319
STU00060,Student 60,Unknown,39,Other,Business,inactive,25+,2026-09-18 11:36:26.834319
STU00061,Student 61,student61@campus.edu,20,Female,Medicine,inactive,18-22,2026-09-18 11:36:26.834319
STU00062,Student 62,student62@campus.edu,50,Male,Arts,active,25+,2026-09-18 11:36:26.834319
STU00063,Student 63,student63@campus.edu,33,unknown,Engineering,inactive,25+,2026-09-18 11:36:26.834319
STU00064,Student 64,student64@campus.edu,55,unknown,Science,active,25+,2026-09-18 11:36:26.834319
STU00065,Student 65,student65@campus.edu,54,Male,Engineering,active,25+,2026-09-18 11:36:26.834319
STU00066,Student 66,student66@campus.edu,38,unknown,Medicine,inactive,25+,2026-09-18 11:36:26.834319
STU00067,Student 67,student67@campus.edu,51,Female,Science,active,25+,2026-09-18 11:36:26.834319
STU00068,Student 68,student68@campus.edu,27,Other,Science,active,25+,2026-09-18 11:36:26.834319
STU00069,Student 69,student69@campus.edu,60,unknown,Arts,active,25+,2026-09-18 11:36:26.834319
STU00070,Student 70,Unknown,19,Other,Engineering,active,18-22,2026-09-18 11:36:26.834319
STU00071,Student 71,student71@campus.edu,17,Male,Arts,inactive,<18,2026-09-18 11:36:26.834319
STU00072,Student 72,student72@campus.edu,57,Other,Arts,active,25+,2026-09-18 11:36:26.834319
STU00073,Student 73,student73@campus.edu,29,Male,Engineering,graduated,25+,2026-09-18 11:36:26.834319
STU00074,Student 74,student74@campus.edu,64,Female,Computer Science,active,25+,2026-09-18 11:36:26.834319
STU00075,Student 75,student75@campus.edu,33,Male,Computer Science,active,25+,2026-09-18 11:36:26.834319
STU00076,Student 76,student76@campus.edu,20,Male,Medicine,inactive,18-22,2026-09-18 11:36:26.834319
STU00077,Student 77,student77@campus.edu,29,unknown,Arts,active,25+,2026-09-18 11:36:26.834319
STU00078,Student 78,student78@campus.edu,21,unknown,Business,inactive,18-22,2026-09-18 11:36:26.834319
STU00079,Student 79,student79@campus.edu,39,Other,Arts,active,25+,2026-09-18 11:36:26.834319
STU00080,Student 80,Unknown,32,Female,Arts,inactive,25+,2026-09-18 11:36:26.834319
STU00081,Student 81,student81@campus.edu,44,Female,Arts,inactive,25+,2026-09-18 11:36:26.834319
STU00082,Student 82,student82@campus.edu,55,Female,Medicine,active,25+,2026-09-18 11:36:26.834319
STU00083,Student 83,student83@campus.edu,38,Male,Computer Science,inactive,25+,2026-09-18 11:36:26.834319
STU00084,Student 84,student84@campus.edu,25,unknown,Medicine,active,22-25,2026-09-18 11:36:26.834319
STU00085,Student 85,student85@campus.edu,38,Other,Medicine,inactive,25+,2026-09-18 11:36:26.834319
STU00086,Student 86,student86@campus.edu,37,unknown,Medicine,graduated,25+,2026-09-18 11:36:26.834319
STU00087,Student 87,student87@campus.edu,28,Female,Computer Science,inactive,25+,2026-09-18 11:36:26.834319
STU00088,Student 88,student88@campus.edu,57,Female,Computer Science,inactive,25+,2026-09-18 11:36:26.834319
STU00089,Student 89,student89@campus.edu,32,Female,Arts,inactive,25+,2026-09-18 11:36:26.834319
STU00090,Student 90,Unknown,59,Female,Medicine,active,25+,2026-09-18 11:36:26.834319
STU00091,Student 91,student91@campus.edu,20,Other,Business,active,18-22,2026-09-18 11:36:26.834319
STU00092,Student 92,student92@campus.edu,56,Female,Computer Science,active,25+,2026-09-18 11:36:26.834319
STU00093,Student 93,student93@campus.edu,19,Female,Engineering,graduated,18-22,2026-09-18 11:36:26.834319
STU00094,Student 94,student94@campus.edu,53,Female,Engineering,graduated,25+,2026-09-18 11:36:26.834319
STU00095,Student 95,student95@campus.edu,55,Male,Engineering,active,25+,2026-09-18 11:36:26.834319
STU00096,Student 96,student96@campus.edu,25,Female,Science,active,22-25,2026-09-18 11:36:26.834319
STU00097,Student 97,student97@campus.edu,49,Other,Arts,active,25+,2026-09-18 11:36:26.834319
STU00098,Student 98,student98@campus.edu,61,Male,Engineering,inactive,25+,2026-09-18 11:36:26.834319
STU00099,Student 99,student99@campus.edu,30,Male,Arts,active,25+,2026-09-18 11:36:26.834319
STU00100,Student 100,Unknown,25,Male,Engineering,graduated,22-25,2026-09-18 11:36:26.834319
